<?xml version="1.0" encoding="utf-8" standalone="yes" ?>
<rss version="2.0" xmlns:atom="http://www.w3.org/2005/Atom">
  <channel>
    <title>Typography</title>
    <link>http://ramansidhublog.com/</link>
    <description>Recent content on Typography</description>
    <generator>Hugo -- gohugo.io</generator>
    <language>en-us</language>
    <lastBuildDate>Sat, 07 Oct 2017 11:42:11 -0700</lastBuildDate>
    
	<atom:link href="http://ramansidhublog.com/index.xml" rel="self" type="application/rss+xml" />
    
    
    <item>
      <title>Typography</title>
      <link>http://ramansidhublog.com/post/chapter-1/</link>
      <pubDate>Sat, 07 Oct 2017 11:42:11 -0700</pubDate>
      
      <guid>http://ramansidhublog.com/post/chapter-1/</guid>
      <description>Is Typography important for designers?? I am a web designer, I heard typography word first time in my first day of web designing class. Firstly, I am not able to understand that why it is so important? I was not able to differentiate between the typos used in different designs . I always question to myself that why typography is a part of designing. My instructors always told me to observe and study typo.</description>
    </item>
    
  </channel>
</rss>