<?xml version="1.0" encoding="utf-8" standalone="yes" ?>
<rss version="2.0" xmlns:atom="http://www.w3.org/2005/Atom">
  <channel>
    <title>Posts on Typography</title>
    <link>http://ramansidhublog.com/post/</link>
    <description>Recent content in Posts on Typography</description>
    <generator>Hugo -- gohugo.io</generator>
    <language>en-us</language>
    <lastBuildDate>Tue, 17 Oct 2017 13:44:22 -0700</lastBuildDate>
    
	<atom:link href="http://ramansidhublog.com/post/index.xml" rel="self" type="application/rss+xml" />
    
    
    <item>
      <title>Youtube updates</title>
      <link>http://ramansidhublog.com/post/chapter-2/</link>
      <pubDate>Tue, 17 Oct 2017 13:44:22 -0700</pubDate>
      
      <guid>http://ramansidhublog.com/post/chapter-2/</guid>
      <description>Update features of you tube for past few years till now . We all watch you tube almost every day or many times in a day, but did you noticed that how much you tube design has been changed for past few years. I noticed this changes and those changes are so great in maintain you tube design more impressive and useful.
Update in logo 2005-2011:This is the longest used logo that present you tube.</description>
    </item>
    
    <item>
      <title>Typography</title>
      <link>http://ramansidhublog.com/post/chapter-1/</link>
      <pubDate>Sat, 07 Oct 2017 11:42:11 -0700</pubDate>
      
      <guid>http://ramansidhublog.com/post/chapter-1/</guid>
      <description>Is Typography important for designers?? I am a web designer, I heard typography word first time in my first day of web designing class. Firstly, I am not able to understand that why it is so important? I was not able to differentiate between the typos used in different designs . I always question to myself that why typography is a part of designing. My instructors always told me to observe and study typo.</description>
    </item>
    
  </channel>
</rss>